hydraulicload,probability_exceedance
4.202,0.1
4.349,0.0333333333333333
4.484,0.01
4.593999999999999,0.0033333333333333
4.708,0.001
4.811999999999999,0.0003333333333333
4.939,0.0001
5.09,3.3333333333333335e-05
5.303,1e-05
