section_id,failureprobability,failuremechanism_id
1,"0.55",1
3,"9.999999999999996e-11",1
4,"9.999999999999996e-11",1
5,"0.01",1
6,"9.999999999999996e-11",1
7,"9.999999999999996e-11",1
8,"9.999999999999996e-11",1
9,"9.999999999999215e-11",1
15,"9.999999999999996e-11",1
16,"9.999999999999996e-11",1
17,"9.999999999999996e-11",1
18,"9.999999999999996e-11",1
