,example-a,example-b,example-c,example-d,example-e
1,-1.8946463919176697,-2.5359368338405552,-1.7269147140414614,-4.346055312926886,-1.5025969807223323
3,-2.053603269247091,-2.6496363315296456,-1.8744889438809635,-4.3869616705019165,-1.6180336928370942
10,-2.1359365272441164,-2.8068889980110234,-1.9472005809231663,-4.451385243072782,-1.7630380666982284
30,-2.1947823945955056,-2.9619322828717047,-1.998341415031022,-4.5177354855481155,-1.9014843588640584
100,-2.25150587508912,-3.139070739846333,-2.047231297627999,-4.595357350901436,-2.056941173793566
300,-2.2988307460587354,-3.305481182497946,-2.087785657007929,-4.669495139860957,-2.2012236561045517
1000,-2.3472672195621214,-3.4919592797502226,-2.129110480607058,-4.753633669397845,-2.361411670496036
